{
    "resolvedId": "/Users/haixiaonan/Desktop/test/vue3/Wy-design/packages/components/button/Button.vue",
    "transforms": [
        {
            "name": "__load__",
            "result": "<!--\n * @Author: wyk\n * @Date: 2024-05-14 15:33:01\n * @LastEditTime: 2024-05-24 09:39:18\n * @Description:\n-->\n<template>\n    <div class=\"bq-button\">\n        <span>-测试按钮-6</span>\n    </div>\n</template>\n\n<script setup lang=\"ts\">\ndefineOptions({\n    name: \"BqButton\",\n});\n</script>\n\n<style lang=\"scss\" scoped>\n@import \"@theme-chalk/button.scss\";\n</style>\n",
            "start": 1725009516254,
            "end": 1725009516254
        },
        {
            "name": "vite:css",
            "start": 1725009516254,
            "end": 1725009516254,
            "order": "normal"
        },
        {
            "name": "vite:esbuild",
            "start": 1725009516254,
            "end": 1725009516254,
            "order": "normal"
        },
        {
            "name": "vite:json",
            "start": 1725009516254,
            "end": 1725009516254,
            "order": "normal"
        },
        {
            "name": "vite:worker",
            "start": 1725009516254,
            "end": 1725009516254,
            "order": "normal"
        },
        {
            "name": "vite:vue",
            "result": "import { defineComponent as _defineComponent } from \"vue\";\nconst _sfc_main = /* @__PURE__ */ _defineComponent({\n  ...{\n    name: \"BqButton\"\n  },\n  __name: \"Button\",\n  setup(__props, { expose: __expose }) {\n    __expose();\n    const __returned__ = {};\n    Object.defineProperty(__returned__, \"__isScriptSetup\", { enumerable: false, value: true });\n    return __returned__;\n  }\n});\nimport { createElementVNode as _createElementVNode, openBlock as _openBlock, createElementBlock as _createElementBlock, pushScopeId as _pushScopeId, popScopeId as _popScopeId } from \"vue\";\nconst _withScopeId = (n) => (_pushScopeId(\"data-v-a45f82dc\"), n = n(), _popScopeId(), n);\nconst _hoisted_1 = { class: \"bq-button\" };\nconst _hoisted_2 = /* @__PURE__ */ _withScopeId(() => /* @__PURE__ */ _createElementVNode(\n  \"span\",\n  null,\n  \"-\\u6D4B\\u8BD5\\u6309\\u94AE-6\",\n  -1\n  /* HOISTED */\n));\nconst _hoisted_3 = [\n  _hoisted_2\n];\nfunction _sfc_render(_ctx, _cache, $props, $setup, $data, $options) {\n  return _openBlock(), _createElementBlock(\"div\", _hoisted_1, [..._hoisted_3]);\n}\nimport \"/Users/haixiaonan/Desktop/test/vue3/Wy-design/packages/components/button/Button.vue?vue&type=style&index=0&scoped=a45f82dc&lang.scss\";\n_sfc_main.__hmrId = \"a45f82dc\";\ntypeof __VUE_HMR_RUNTIME__ !== \"undefined\" && __VUE_HMR_RUNTIME__.createRecord(_sfc_main.__hmrId, _sfc_main);\nimport.meta.hot.accept((mod) => {\n  if (!mod)\n    return;\n  const { default: updated, _rerender_only } = mod;\n  if (_rerender_only) {\n    __VUE_HMR_RUNTIME__.rerender(updated.__hmrId, updated.render);\n  } else {\n    __VUE_HMR_RUNTIME__.reload(updated.__hmrId, updated);\n  }\n});\nimport _export_sfc from \"\\0plugin-vue:export-helper\";\nexport default /* @__PURE__ */ _export_sfc(_sfc_main, [[\"render\", _sfc_render], [\"__scopeId\", \"data-v-a45f82dc\"], [\"__file\", \"/Users/haixiaonan/Desktop/test/vue3/Wy-design/packages/components/button/Button.vue\"]]);\n",
            "start": 1725009516254,
            "end": 1725009516259,
            "order": "normal",
            "sourcemaps": {
                "version": 3,
                "mappings": ";;;;;;;;;;;;;;;qBAOS,OAAM,YAAW;sDAClB;AAAA,EAAoB;AAAA;AAAA,EAAd;AAAA,EAAO;AAAA;AAAA;;EAAb;;;uBADJ,oBAEM,OAFN,YAPJ",
                "names": [],
                "ignoreList": [],
                "sources": ["/Users/haixiaonan/Desktop/test/vue3/Wy-design/packages/components/button/Button.vue"],
                "sourcesContent": [
                    "<!--\n * @Author: wyk\n * @Date: 2024-05-14 15:33:01\n * @LastEditTime: 2024-05-24 09:39:18\n * @Description:\n-->\n<template>\n    <div class=\"bq-button\">\n        <span>-测试按钮-6</span>\n    </div>\n</template>\n\n<script setup lang=\"ts\">\ndefineOptions({\n    name: \"BqButton\",\n});\n</script>\n\n<style lang=\"scss\" scoped>\n@import \"@theme-chalk/button.scss\";\n</style>\n"
                ],
                "file": "/Users/haixiaonan/Desktop/test/vue3/Wy-design/packages/components/button/Button.vue"
            }
        },
        {
            "name": "vite:define",
            "start": 1725009516259,
            "end": 1725009516259,
            "order": "normal"
        },
        {
            "name": "vite:css-post",
            "start": 1725009516259,
            "end": 1725009516259,
            "order": "normal"
        },
        {
            "name": "vite:worker-import-meta-url",
            "start": 1725009516259,
            "end": 1725009516259,
            "order": "normal"
        },
        {
            "name": "vite:asset-import-meta-url",
            "start": 1725009516259,
            "end": 1725009516259,
            "order": "normal"
        },
        {
            "name": "vite:dynamic-import-vars",
            "start": 1725009516259,
            "end": 1725009516259,
            "order": "normal"
        },
        {
            "name": "vite:import-glob",
            "start": 1725009516259,
            "end": 1725009516259,
            "order": "normal"
        },
        {
            "name": "unplugin-auto-import",
            "start": 1725009516259,
            "end": 1725009516260,
            "order": "post"
        },
        {
            "name": "unplugin-vue-components",
            "result": "/* unplugin-vue-components disabled */import { defineComponent as _defineComponent } from \"vue\";\nconst _sfc_main = /* @__PURE__ */ _defineComponent({\n  ...{\n    name: \"BqButton\"\n  },\n  __name: \"Button\",\n  setup(__props, { expose: __expose }) {\n    __expose();\n    const __returned__ = {};\n    Object.defineProperty(__returned__, \"__isScriptSetup\", { enumerable: false, value: true });\n    return __returned__;\n  }\n});\nimport { createElementVNode as _createElementVNode, openBlock as _openBlock, createElementBlock as _createElementBlock, pushScopeId as _pushScopeId, popScopeId as _popScopeId } from \"vue\";\nconst _withScopeId = (n) => (_pushScopeId(\"data-v-a45f82dc\"), n = n(), _popScopeId(), n);\nconst _hoisted_1 = { class: \"bq-button\" };\nconst _hoisted_2 = /* @__PURE__ */ _withScopeId(() => /* @__PURE__ */ _createElementVNode(\n  \"span\",\n  null,\n  \"-\\u6D4B\\u8BD5\\u6309\\u94AE-6\",\n  -1\n  /* HOISTED */\n));\nconst _hoisted_3 = [\n  _hoisted_2\n];\nfunction _sfc_render(_ctx, _cache, $props, $setup, $data, $options) {\n  return _openBlock(), _createElementBlock(\"div\", _hoisted_1, [..._hoisted_3]);\n}\nimport \"/Users/haixiaonan/Desktop/test/vue3/Wy-design/packages/components/button/Button.vue?vue&type=style&index=0&scoped=a45f82dc&lang.scss\";\n_sfc_main.__hmrId = \"a45f82dc\";\ntypeof __VUE_HMR_RUNTIME__ !== \"undefined\" && __VUE_HMR_RUNTIME__.createRecord(_sfc_main.__hmrId, _sfc_main);\nimport.meta.hot.accept((mod) => {\n  if (!mod)\n    return;\n  const { default: updated, _rerender_only } = mod;\n  if (_rerender_only) {\n    __VUE_HMR_RUNTIME__.rerender(updated.__hmrId, updated.render);\n  } else {\n    __VUE_HMR_RUNTIME__.reload(updated.__hmrId, updated);\n  }\n});\nimport _export_sfc from \"\\0plugin-vue:export-helper\";\nexport default /* @__PURE__ */ _export_sfc(_sfc_main, [[\"render\", _sfc_render], [\"__scopeId\", \"data-v-a45f82dc\"], [\"__file\", \"/Users/haixiaonan/Desktop/test/vue3/Wy-design/packages/components/button/Button.vue\"]]);\n",
            "start": 1725009516260,
            "end": 1725009516260,
            "order": "post",
            "sourcemaps": {
                "version": 3,
                "sources": ["/Users/haixiaonan/Desktop/test/vue3/Wy-design/packages/components/button/Button.vue"],
                "sourcesContent": [
                    "import { defineComponent as _defineComponent } from \"vue\";\nconst _sfc_main = /* @__PURE__ */ _defineComponent({\n  ...{\n    name: \"BqButton\"\n  },\n  __name: \"Button\",\n  setup(__props, { expose: __expose }) {\n    __expose();\n    const __returned__ = {};\n    Object.defineProperty(__returned__, \"__isScriptSetup\", { enumerable: false, value: true });\n    return __returned__;\n  }\n});\nimport { createElementVNode as _createElementVNode, openBlock as _openBlock, createElementBlock as _createElementBlock, pushScopeId as _pushScopeId, popScopeId as _popScopeId } from \"vue\";\nconst _withScopeId = (n) => (_pushScopeId(\"data-v-a45f82dc\"), n = n(), _popScopeId(), n);\nconst _hoisted_1 = { class: \"bq-button\" };\nconst _hoisted_2 = /* @__PURE__ */ _withScopeId(() => /* @__PURE__ */ _createElementVNode(\n  \"span\",\n  null,\n  \"-\\u6D4B\\u8BD5\\u6309\\u94AE-6\",\n  -1\n  /* HOISTED */\n));\nconst _hoisted_3 = [\n  _hoisted_2\n];\nfunction _sfc_render(_ctx, _cache, $props, $setup, $data, $options) {\n  return _openBlock(), _createElementBlock(\"div\", _hoisted_1, [..._hoisted_3]);\n}\nimport \"/Users/haixiaonan/Desktop/test/vue3/Wy-design/packages/components/button/Button.vue?vue&type=style&index=0&scoped=a45f82dc&lang.scss\";\n_sfc_main.__hmrId = \"a45f82dc\";\ntypeof __VUE_HMR_RUNTIME__ !== \"undefined\" && __VUE_HMR_RUNTIME__.createRecord(_sfc_main.__hmrId, _sfc_main);\nimport.meta.hot.accept((mod) => {\n  if (!mod)\n    return;\n  const { default: updated, _rerender_only } = mod;\n  if (_rerender_only) {\n    __VUE_HMR_RUNTIME__.rerender(updated.__hmrId, updated.render);\n  } else {\n    __VUE_HMR_RUNTIME__.reload(updated.__hmrId, updated);\n  }\n});\nimport _export_sfc from \"\\0plugin-vue:export-helper\";\nexport default /* @__PURE__ */ _export_sfc(_sfc_main, [[\"render\", _sfc_render], [\"__scopeId\", \"data-v-a45f82dc\"], [\"__file\", \"/Users/haixiaonan/Desktop/test/vue3/Wy-design/packages/components/button/Button.vue\"]]);\n"
                ],
                "names": [],
                "mappings": "sCAAA,MAAM,CAAC,CAAC,CAAC,eAAe,CAAC,EAAE,CAAC,gBAAgB,CAAC,CAAC,CAAC,IAAI,CAAC,CAAC,GAAG,CAAC,CAAC;AAC1D,KAAK,CAAC,SAAS,CAAC,CAAC,CAAC,CAAC,CAAC,CAAC,CAAC,QAAQ,CAAC,CAAC,CAAC,CAAC,gBAAgB,CAAC,CAAC;AACpD,CAAC,CAAC,CAAC,CAAC,CAAC,CAAC;AACN,CAAC,CAAC,CAAC,CAAC,IAAI,CAAC,CAAC,CAAC,QAAQ,CAAC;AACpB,CAAC,CAAC,CAAC,CAAC;AACJ,CAAC,CAAC,MAAM,CAAC,CAAC,CAAC,MAAM,CAAC,CAAC;AACnB,CAAC,CAAC,KAAK,CAAC,OAAO,CAAC,CAAC,CAAC,CAAC,MAAM,CAAC,CAAC,QAAQ,CAAC,CAAC,CAAC,CAAC,CAAC;AACxC,CAAC,CAAC,CAAC,CAAC,QAAQ,CAAC,CAAC,CAAC;AACf,CAAC,CAAC,CAAC,CAAC,KAAK,CAAC,YAAY,CAAC,CAAC,CAAC,CAAC,CAAC,CAAC;AAC5B,CAAC,CAAC,CAAC,CAAC,MAAM,CAAC,cAAc,CAAC,YAAY,CAAC,CAAC,CAAC,eAAe,CAAC,CAAC,CAAC,CAAC,CAAC,UAAU,CAAC,CAAC,KAAK,CAAC,CAAC,KAAK,CAAC,CAAC,IAAI,CAAC,CAAC,CAAC,CAAC;AAC/F,CAAC,CAAC,CAAC,CAAC,MAAM,CAAC,YAAY,CAAC;AACxB,CAAC,CAAC,CAAC;AACH,CAAC,CAAC,CAAC;AACH,MAAM,CAAC,CAAC,CAAC,kBAAkB,CAAC,EAAE,CAAC,mBAAmB,CAAC,CAAC,SAAS,CAAC,EAAE,CAAC,UAAU,CAAC,CAAC,kBAAkB,CAAC,EAAE,CAAC,mBAAmB,CAAC,CAAC,WAAW,CAAC,EAAE,CAAC,YAAY,CAAC,CAAC,UAAU,CAAC,EAAE,CAAC,WAAW,CAAC,CAAC,CAAC,IAAI,CAAC,CAAC,GAAG,CAAC,CAAC;AAC5L,KAAK,CAAC,YAAY,CAAC,CAAC,CAAC,CAAC,CAAC,CAAC,CAAC,CAAC,CAAC,CAAC,CAAC,YAAY,CAAC,CAAC,IAAI,CAAC,CAAC,CAAC,QAAQ,CAAC,CAAC,CAAC,CAAC,CAAC,CAAC,CAAC,CAAC,CAAC,CAAC,CAAC,CAAC,CAAC,WAAW,CAAC,CAAC,CAAC,CAAC,CAAC,CAAC,CAAC;AACzF,KAAK,CAAC,UAAU,CAAC,CAAC,CAAC,CAAC,CAAC,KAAK,CAAC,CAAC,CAAC,EAAE,CAAC,MAAM,CAAC,CAAC,CAAC,CAAC;AAC1C,KAAK,CAAC,UAAU,CAAC,CAAC,CAAC,CAAC,CAAC,CAAC,CAAC,QAAQ,CAAC,CAAC,CAAC,CAAC,YAAY,CAAC,CAAC,CAAC,CAAC,CAAC,CAAC,CAAC,CAAC,CAAC,CAAC,CAAC,QAAQ,CAAC,CAAC,CAAC,CAAC,mBAAmB,CAAC;AAC1F,CAAC,CAAC,CAAC,IAAI,CAAC,CAAC;AACT,CAAC,CAAC,IAAI,CAAC;AACP,CAAC,CAAC,CAAC,CAAC,CAAC,KAAK,CAAC,KAAK,CAAC,KAAK,CAAC,KAAK,CAAC,CAAC,CAAC,CAAC;AAChC,CAAC,CAAC,CAAC,CAAC;AACJ,CAAC,CAAC,CAAC,CAAC,CAAC,OAAO,CAAC,CAAC,CAAC;AACf,CAAC,CAAC,CAAC;AACH,KAAK,CAAC,UAAU,CAAC,CAAC,CAAC,CAAC;AACpB,CAAC,CAAC,UAAU;AACZ,CAAC,CAAC;AACF,QAAQ,CAAC,WAAW,CAAC,IAAI,CAAC,CAAC,MAAM,CAAC,CAAC,CAAC,KAAK,CAAC,CAAC,CAAC,KAAK,CAAC,CAAC,CAAC,IAAI,CAAC,CAAC,CAAC,OAAO,CAAC,CAAC,CAAC;AACrE,CAAC,CAAC,MAAM,CAAC,UAAU,CAAC,CAAC,CAAC,CAAC,mBAAmB,CAAC,CAAC,GAAG,CAAC,CAAC,CAAC,UAAU,CAAC,CAAC,CAAC,CAAC,CAAC,CAAC,UAAU,CAAC,CAAC,CAAC;AAC/E,CAAC;AACD,MAAM,CAAC,CAAC,CAAC,KAAK,CAAC,UAAU,CAAC,OAAO,CAAC,IAAI,CAAC,IAAI,CAAC,EAAE,CAAC,MAAM,CAAC,QAAQ,CAAC,UAAU,CAAC,MAAM,CAAC,MAAM,CAAC,GAAG,CAAC,GAAG,CAAC,IAAI,CAAC,KAAK,CAAC,KAAK,CAAC,CAAC,CAAC,MAAM,CAAC,QAAQ,CAAC,IAAI,CAAC,IAAI,CAAC,CAAC;AAC9I,SAAS,CAAC,OAAO,CAAC,CAAC,CAAC,CAAC,QAAQ,CAAC,CAAC;AAC/B,MAAM,CAAC,mBAAmB,CAAC,CAAC,CAAC,CAAC,CAAC,CAAC,SAAS,CAAC,CAAC,CAAC,CAAC,CAAC,mBAAmB,CAAC,YAAY,CAAC,SAAS,CAAC,OAAO,CAAC,CAAC,SAAS,CAAC,CAAC;AAC7G,MAAM,CAAC,IAAI,CAAC,GAAG,CAAC,MAAM,CAAC,CAAC,GAAG,CAAC,CAAC,CAAC,CAAC,CAAC,CAAC;AACjC,CAAC,CAAC,EAAE,CAAC,CAAC,CAAC,GAAG,CAAC;AACX,CAAC,CAAC,CAAC,CAAC,MAAM,CAAC;AACX,CAAC,CAAC,KAAK,CAAC,CAAC,CAAC,OAAO,CAAC,CAAC,OAAO,CAAC,CAAC,cAAc,CAAC,CAAC,CAAC,CAAC,CAAC,GAAG,CAAC;AACnD,CAAC,CAAC,EAAE,CAAC,CAAC,cAAc,CAAC,CAAC,CAAC;AACvB,CAAC,CAAC,CAAC,CAAC,mBAAmB,CAAC,QAAQ,CAAC,OAAO,CAAC,OAAO,CAAC,CAAC,OAAO,CAAC,MAAM,CAAC,CAAC;AAClE,CAAC,CAAC,CAAC,CAAC,IAAI,CAAC,CAAC;AACV,CAAC,CAAC,CAAC,CAAC,mBAAmB,CAAC,MAAM,CAAC,OAAO,CAAC,OAAO,CAAC,CAAC,OAAO,CAAC,CAAC;AACzD,CAAC,CAAC,CAAC;AACH,CAAC,CAAC,CAAC;AACH,MAAM,CAAC,WAAW,CAAC,IAAI,CAAC,CAAC,CAAC,OAAO,CAAC,GAAG,CAAC,MAAM,CAAC,MAAM,CAAC,CAAC;AACrD,MAAM,CAAC,OAAO,CAAC,CAAC,CAAC,CAAC,CAAC,QAAQ,CAAC,CAAC,CAAC,CAAC,WAAW,CAAC,SAAS,CAAC,CAAC,CAAC,CAAC,CAAC,MAAM,CAAC,CAAC,CAAC,WAAW,CAAC,CAAC,CAAC,CAAC,CAAC,SAAS,CAAC,CAAC,CAAC,CAAC,IAAI,CAAC,CAAC,CAAC,QAAQ,CAAC,CAAC,CAAC,CAAC,CAAC,CAAC,MAAM,CAAC,CAAC,CAAC,CAAC,CAAC,KAAK,CAAC,UAAU,CAAC,OAAO,CAAC,IAAI,CAAC,IAAI,CAAC,EAAE,CAAC,MAAM,CAAC,QAAQ,CAAC,UAAU,CAAC,MAAM,CAAC,MAAM,CAAC,GAAG,CAAC,CAAC,CAAC,CAAC,CAAC;"
            }
        },
        {
            "name": "vite:client-inject",
            "start": 1725009516260,
            "end": 1725009516260,
            "order": "normal"
        },
        {
            "name": "vite:css-analysis",
            "start": 1725009516260,
            "end": 1725009516260,
            "order": "normal"
        },
        {
            "name": "vite:import-analysis",
            "result": "import { createHotContext as __vite__createHotContext } from \"/@vite/client\";import.meta.hot = __vite__createHotContext(\"/packages/components/button/Button.vue\");/* unplugin-vue-components disabled */import { defineComponent as _defineComponent } from \"/node_modules/.vite/deps/vue.js?v=dc4298c9\";\nconst _sfc_main = /* @__PURE__ */ _defineComponent({\n  ...{\n    name: \"BqButton\"\n  },\n  __name: \"Button\",\n  setup(__props, { expose: __expose }) {\n    __expose();\n    const __returned__ = {};\n    Object.defineProperty(__returned__, \"__isScriptSetup\", { enumerable: false, value: true });\n    return __returned__;\n  }\n});\nimport { createElementVNode as _createElementVNode, openBlock as _openBlock, createElementBlock as _createElementBlock, pushScopeId as _pushScopeId, popScopeId as _popScopeId } from \"/node_modules/.vite/deps/vue.js?v=dc4298c9\";\nconst _withScopeId = (n) => (_pushScopeId(\"data-v-a45f82dc\"), n = n(), _popScopeId(), n);\nconst _hoisted_1 = { class: \"bq-button\" };\nconst _hoisted_2 = /* @__PURE__ */ _withScopeId(() => /* @__PURE__ */ _createElementVNode(\n  \"span\",\n  null,\n  \"-\\u6D4B\\u8BD5\\u6309\\u94AE-6\",\n  -1\n  /* HOISTED */\n));\nconst _hoisted_3 = [\n  _hoisted_2\n];\nfunction _sfc_render(_ctx, _cache, $props, $setup, $data, $options) {\n  return _openBlock(), _createElementBlock(\"div\", _hoisted_1, [..._hoisted_3]);\n}\nimport \"/packages/components/button/Button.vue?vue&type=style&index=0&scoped=a45f82dc&lang.scss\";\n_sfc_main.__hmrId = \"a45f82dc\";\ntypeof __VUE_HMR_RUNTIME__ !== \"undefined\" && __VUE_HMR_RUNTIME__.createRecord(_sfc_main.__hmrId, _sfc_main);\nimport.meta.hot.accept((mod) => {\n  if (!mod)\n    return;\n  const { default: updated, _rerender_only } = mod;\n  if (_rerender_only) {\n    __VUE_HMR_RUNTIME__.rerender(updated.__hmrId, updated.render);\n  } else {\n    __VUE_HMR_RUNTIME__.reload(updated.__hmrId, updated);\n  }\n});\nimport _export_sfc from \"/@id/__x00__plugin-vue:export-helper\";\nexport default /* @__PURE__ */ _export_sfc(_sfc_main, [[\"render\", _sfc_render], [\"__scopeId\", \"data-v-a45f82dc\"], [\"__file\", \"/Users/haixiaonan/Desktop/test/vue3/Wy-design/packages/components/button/Button.vue\"]]);\n",
            "start": 1725009516260,
            "end": 1725009516261,
            "order": "normal",
            "sourcemaps": null
        }
    ]
}
