{
    "resolvedId": "/Users/haixiaonan/Desktop/test/vue3/Wy-design/node_modules/.vite/deps/chunk-ZS7NZCD4.js",
    "transforms": [
        {
            "name": "vite:optimized-deps",
            "result": "var __create = Object.create;\nvar __defProp = Object.defineProperty;\nvar __getOwnPropDesc = Object.getOwnPropertyDescriptor;\nvar __getOwnPropNames = Object.getOwnPropertyNames;\nvar __getProtoOf = Object.getPrototypeOf;\nvar __hasOwnProp = Object.prototype.hasOwnProperty;\nvar __commonJS = (cb, mod) => function __require() {\n  return mod || (0, cb[__getOwnPropNames(cb)[0]])((mod = { exports: {} }).exports, mod), mod.exports;\n};\nvar __export = (target, all) => {\n  for (var name in all)\n    __defProp(target, name, { get: all[name], enumerable: true });\n};\nvar __copyProps = (to, from, except, desc) => {\n  if (from && typeof from === \"object\" || typeof from === \"function\") {\n    for (let key of __getOwnPropNames(from))\n      if (!__hasOwnProp.call(to, key) && key !== except)\n        __defProp(to, key, { get: () => from[key], enumerable: !(desc = __getOwnPropDesc(from, key)) || desc.enumerable });\n  }\n  return to;\n};\nvar __toESM = (mod, isNodeMode, target) => (target = mod != null ? __create(__getProtoOf(mod)) : {}, __copyProps(\n  // If the importer is in node compatibility mode or this is not an ESM\n  // file that has been converted to a CommonJS file using a Babel-\n  // compatible transform (i.e. \"__esModule\" has not been set), then set\n  // \"default\" to the CommonJS \"module.exports\" for node compatibility.\n  isNodeMode || !mod || !mod.__esModule ? __defProp(target, \"default\", { value: mod, enumerable: true }) : target,\n  mod\n));\n\nexport {\n  __commonJS,\n  __export,\n  __toESM\n};\n//# sourceMappingURL=chunk-ZS7NZCD4.js.map\n",
            "start": 1725009516219,
            "end": 1725009516223,
            "sourcemaps": null
        },
        {
            "name": "vite:css",
            "start": 1725009516223,
            "end": 1725009516223,
            "order": "normal"
        },
        {
            "name": "vite:esbuild",
            "start": 1725009516223,
            "end": 1725009516223,
            "order": "normal"
        },
        {
            "name": "vite:json",
            "start": 1725009516223,
            "end": 1725009516223,
            "order": "normal"
        },
        {
            "name": "vite:worker",
            "start": 1725009516223,
            "end": 1725009516223,
            "order": "normal"
        },
        {
            "name": "vite:vue",
            "start": 1725009516223,
            "end": 1725009516223,
            "order": "normal"
        },
        {
            "name": "vite:define",
            "start": 1725009516223,
            "end": 1725009516223,
            "order": "normal"
        },
        {
            "name": "vite:css-post",
            "start": 1725009516223,
            "end": 1725009516223,
            "order": "normal"
        },
        {
            "name": "vite:worker-import-meta-url",
            "start": 1725009516223,
            "end": 1725009516223,
            "order": "normal"
        },
        {
            "name": "vite:asset-import-meta-url",
            "start": 1725009516223,
            "end": 1725009516223,
            "order": "normal"
        },
        {
            "name": "vite:dynamic-import-vars",
            "start": 1725009516223,
            "end": 1725009516223,
            "order": "normal"
        },
        {
            "name": "vite:import-glob",
            "start": 1725009516223,
            "end": 1725009516223,
            "order": "normal"
        },
        {
            "name": "unplugin-auto-import",
            "start": 1725009516223,
            "end": 1725009516223,
            "order": "post"
        },
        {
            "name": "unplugin-vue-components",
            "start": 1725009516223,
            "end": 1725009516223,
            "order": "post"
        },
        {
            "name": "vite:client-inject",
            "start": 1725009516223,
            "end": 1725009516223,
            "order": "normal"
        },
        {
            "name": "vite:css-analysis",
            "start": 1725009516223,
            "end": 1725009516223,
            "order": "normal"
        },
        {
            "name": "vite:import-analysis",
            "result": "var __create = Object.create;\nvar __defProp = Object.defineProperty;\nvar __getOwnPropDesc = Object.getOwnPropertyDescriptor;\nvar __getOwnPropNames = Object.getOwnPropertyNames;\nvar __getProtoOf = Object.getPrototypeOf;\nvar __hasOwnProp = Object.prototype.hasOwnProperty;\nvar __commonJS = (cb, mod) => function __require() {\n  return mod || (0, cb[__getOwnPropNames(cb)[0]])((mod = { exports: {} }).exports, mod), mod.exports;\n};\nvar __export = (target, all) => {\n  for (var name in all)\n    __defProp(target, name, { get: all[name], enumerable: true });\n};\nvar __copyProps = (to, from, except, desc) => {\n  if (from && typeof from === \"object\" || typeof from === \"function\") {\n    for (let key of __getOwnPropNames(from))\n      if (!__hasOwnProp.call(to, key) && key !== except)\n        __defProp(to, key, { get: () => from[key], enumerable: !(desc = __getOwnPropDesc(from, key)) || desc.enumerable });\n  }\n  return to;\n};\nvar __toESM = (mod, isNodeMode, target) => (target = mod != null ? __create(__getProtoOf(mod)) : {}, __copyProps(\n  // If the importer is in node compatibility mode or this is not an ESM\n  // file that has been converted to a CommonJS file using a Babel-\n  // compatible transform (i.e. \"__esModule\" has not been set), then set\n  // \"default\" to the CommonJS \"module.exports\" for node compatibility.\n  isNodeMode || !mod || !mod.__esModule ? __defProp(target, \"default\", { value: mod, enumerable: true }) : target,\n  mod\n));\n\nexport {\n  __commonJS,\n  __export,\n  __toESM\n};\n//# sourceMappingURL=chunk-ZS7NZCD4.js.map\n",
            "start": 1725009516223,
            "end": 1725009516223,
            "order": "normal",
            "sourcemaps": null
        }
    ]
}
