{
    "hash": "8a033b41",
    "configHash": "59ad726e",
    "lockfileHash": "8bf68cbd",
    "browserHash": "58298bd7",
    "optimized": {
        "vue": {
            "src": "../../../node_modules/vue/dist/vue.runtime.esm-bundler.js",
            "file": "vue.js",
            "fileHash": "070f8b0f",
            "needsInterop": false
        },
        "vitepress > @vue/devtools-api": {
            "src": "../../../node_modules/vitepress/node_modules/@vue/devtools-api/dist/index.js",
            "file": "vitepress___@vue_devtools-api.js",
            "fileHash": "4c4e6771",
            "needsInterop": false
        },
        "vitepress > @vueuse/core": {
            "src": "../../../node_modules/@vueuse/core/index.mjs",
            "file": "vitepress___@vueuse_core.js",
            "fileHash": "fd20863a",
            "needsInterop": false
        },
        "@arco-design/web-vue": {
            "src": "../../../node_modules/@arco-design/web-vue/es/index.js",
            "file": "@arco-design_web-vue.js",
            "fileHash": "1fb75632",
            "needsInterop": false
        },
        "ant-design-vue": {
            "src": "../../../node_modules/ant-design-vue/es/index.js",
            "file": "ant-design-vue.js",
            "fileHash": "1844263c",
            "needsInterop": false
        },
        "element-plus": {
            "src": "../../../node_modules/element-plus/es/index.mjs",
            "file": "element-plus.js",
            "fileHash": "6f1a7f97",
            "needsInterop": false
        },
        "resize-observer-polyfill": {
            "src": "../../../node_modules/resize-observer-polyfill/dist/ResizeObserver.es.js",
            "file": "resize-observer-polyfill.js",
            "fileHash": "17b2b7d8",
            "needsInterop": false
        },
        "vue-router": {
            "src": "../../../node_modules/vue-router/dist/vue-router.mjs",
            "file": "vue-router.js",
            "fileHash": "e3b7f40c",
            "needsInterop": false
        },
        "@theme/index": {
            "src": "../../../node_modules/vitepress/dist/client/theme-default/index.js",
            "file": "@theme_index.js",
            "fileHash": "aa54d550",
            "needsInterop": false
        }
    },
    "chunks": {
        "chunk-XSRKKOPT": {
            "file": "chunk-XSRKKOPT.js"
        },
        "chunk-7KC4OCGW": {
            "file": "chunk-7KC4OCGW.js"
        },
        "chunk-URJNS5OJ": {
            "file": "chunk-URJNS5OJ.js"
        },
        "chunk-7GYOZAMS": {
            "file": "chunk-7GYOZAMS.js"
        },
        "chunk-YIP7QGVX": {
            "file": "chunk-YIP7QGVX.js"
        },
        "chunk-J52K34YX": {
            "file": "chunk-J52K34YX.js"
        },
        "chunk-G3PMV62Z": {
            "file": "chunk-G3PMV62Z.js"
        }
    }
}
